{"cameraMode":{"drawMode":0,"name":"Shaded","section":"Shading Mode"},"sceneLighting":true,"audioPlay":false,"sceneViewState":{"showFog":true,"showMaterialUpdate":true,"showSkybox":false,"showFlares":true,"showImageEffects":true,"showParticleSystems":true},"in2DMode":false,"pivot":{"x":24.899608612060548,"y":0.8283689022064209,"z":0.20402038097381593},"rotation":{"x":0.057427722960710528,"y":0.7590059041976929,"z":-0.06759525835514069,"w":0.6450745463371277},"size":8.129958152770996,"orthographic":false}