{"cameraMode":{"drawMode":0,"name":"Shaded","section":"Shading Mode"},"sceneLighting":false,"audioPlay":false,"sceneViewState":{"showFog":true,"showMaterialUpdate":true,"showSkybox":false,"showFlares":true,"showImageEffects":true,"showParticleSystems":true},"in2DMode":false,"pivot":{"x":11.02313232421875,"y":1.098973035812378,"z":-8.877433776855469},"rotation":{"x":0.09769142419099808,"y":0.5469146370887756,"z":-0.06446677446365357,"w":0.8290086388587952},"size":3.6405386924743654,"orthographic":false}