{"cameraMode":{"drawMode":0,"name":"Shaded","section":"Shading Mode"},"sceneLighting":true,"audioPlay":false,"sceneViewState":{"showFog":true,"showMaterialUpdate":true,"showSkybox":true,"showFlares":true,"showImageEffects":true,"showParticleSystems":true},"in2DMode":false,"pivot":{"x":15.143302917480469,"y":0.4107915759086609,"z":1.8608760833740235},"rotation":{"x":-0.015075955539941788,"y":-0.7033089399337769,"z":0.015058581717312336,"w":-0.7105698585510254},"size":21.13729476928711,"orthographic":false}