{"cameraMode":{"drawMode":0,"name":"Shaded","section":"Shading Mode"},"sceneLighting":true,"audioPlay":false,"sceneViewState":{"showFog":true,"showMaterialUpdate":true,"showSkybox":false,"showFlares":true,"showImageEffects":true,"showParticleSystems":true},"in2DMode":false,"pivot":{"x":-11.394975662231446,"y":-0.6512677669525147,"z":-0.6899453997612},"rotation":{"x":0.05658871680498123,"y":-0.688509464263916,"z":0.054019100964069369,"w":0.7210441827774048},"size":9.021746635437012,"orthographic":false}