{"cameraMode":{"drawMode":0,"name":"Shaded","section":"Shading Mode"},"sceneLighting":true,"audioPlay":false,"sceneViewState":{"showFog":true,"showMaterialUpdate":true,"showSkybox":false,"showFlares":true,"showImageEffects":true,"showParticleSystems":true},"in2DMode":false,"pivot":{"x":-7.387494087219238,"y":-2.222902297973633,"z":-20.07220458984375},"rotation":{"x":0.06558500975370407,"y":0.9156590104103088,"z":-0.1669182926416397,"w":0.3598278760910034},"size":9.023104667663575,"orthographic":false}