{"cameraMode":{"drawMode":0,"name":"Shaded","section":"Shading Mode"},"sceneLighting":false,"audioPlay":false,"sceneViewState":{"showFog":true,"showMaterialUpdate":true,"showSkybox":false,"showFlares":true,"showImageEffects":true,"showParticleSystems":true},"in2DMode":false,"pivot":{"x":531.575927734375,"y":274.6009216308594,"z":-7.19610595703125},"rotation":{"x":0.004809499252587557,"y":0.005994924809783697,"z":-0.000029093478588038124,"w":0.9999725222587586},"size":973.9071044921875,"orthographic":false}