{"cameraMode":{"drawMode":0,"name":"Shaded","section":"Shading Mode"},"sceneLighting":true,"audioPlay":false,"sceneViewState":{"showFog":true,"showMaterialUpdate":false,"showSkybox":false,"showFlares":true,"showImageEffects":true,"showParticleSystems":true},"in2DMode":false,"pivot":{"x":-11.314995765686036,"y":0.43068891763687136,"z":-15.00362777709961},"rotation":{"x":-0.04068740829825401,"y":0.8626154661178589,"z":-0.07029397040605545,"w":-0.4992975890636444},"size":8.105696678161621,"orthographic":false}