{"cameraMode":{"drawMode":0,"name":"Shaded","section":"Shading Mode"},"sceneLighting":true,"audioPlay":false,"sceneViewState":{"showFog":true,"showMaterialUpdate":false,"showSkybox":false,"showFlares":true,"showImageEffects":true,"showParticleSystems":true},"in2DMode":false,"pivot":{"x":9.90178108215332,"y":1.2788406610488892,"z":-8.59814739227295},"rotation":{"x":-0.04068740829825401,"y":0.8626154661178589,"z":-0.07029397040605545,"w":-0.4992975890636444},"size":67.13772583007813,"orthographic":false}