{"cameraMode":{"drawMode":0,"name":"Shaded","section":"Shading Mode"},"sceneLighting":true,"audioPlay":false,"sceneViewState":{"showFog":true,"showMaterialUpdate":false,"showSkybox":false,"showFlares":true,"showImageEffects":true,"showParticleSystems":true},"in2DMode":false,"pivot":{"x":-4.160202503204346,"y":0.4583609402179718,"z":0.017956018447875978},"rotation":{"x":-0.04068740829825401,"y":0.8626154661178589,"z":-0.07029397040605545,"w":-0.4992975890636444},"size":6.327760219573975,"orthographic":false}